{"name":"63fd9ad4-543a-4dde-96b4-565a192936ec","id":"/providers/Microsoft.Flow/flows/63fd9ad4-543a-4dde-96b4-565a192936ec","type":"Microsoft.Flow/flows","properties":{"apiId":"/providers/Microsoft.PowerApps/apis/shared_logicflows","displayName":"Create Event ICS file and Save in OneDrive","definition":{"metadata":{"workflowEntityId":null,"processAdvisorMetadata":null,"flowclientsuspensionreason":"None","flowclientsuspensiontime":null,"creator":{"id":"9a7c10bd-2836-4fd6-9472-4872659ad97f","type":"User","tenantId":"cba9e115-3016-4462-a1ab-a565cba0cdf1"},"provisioningMethod":"FromDefinition","failureAlertSubscription":true,"clientLastModifiedTime":"2022-02-08T15:01:21.2330342Z"},"$schema":"https://schema.management.azure.com/providers/Microsoft.Logic/schemas/2016-06-01/workflowdefinition.json#","contentVersion":"1.0.0.0","parameters":{"$connections":{"defaultValue":{},"type":"Object"},"$authentication":{"defaultValue":{},"type":"SecureObject"}},"triggers":{"manual":{"metadata":{"operationMetadataId":"c44c6bc4-d229-458d-8524-8dc777350d91"},"type":"Request","kind":"Button","inputs":{"schema":{"type":"object","properties":{"text":{"title":"Subject","type":"string","x-ms-dynamically-added":true,"description":"Event Title","x-ms-content-hint":"TEXT"},"text_1":{"title":"Location","type":"string","x-ms-dynamically-added":true,"description":"Please enter your input","x-ms-content-hint":"TEXT"},"text_2":{"title":"URL","type":"string","x-ms-dynamically-added":true,"description":"Please enter your input","x-ms-content-hint":"TEXT"},"text_5":{"title":"Description","type":"string","x-ms-dynamically-added":true,"description":"Please enter your input","x-ms-content-hint":"TEXT"},"text_7":{"title":"Start Date Time","type":"string","x-ms-dynamically-added":true,"description":"Please enter in datetime format YYYYMMDDTHHMMSS","x-ms-content-hint":"TEXT"},"text_8":{"title":"End Date Time","type":"string","x-ms-dynamically-added":true,"description":"Please enter in datetime format YYYYMMDDTHHMMSS","x-ms-content-hint":"TEXT"}},"required":["text","text_1","text_2","text_7","text_8"]},"headersSchema":{"x-ms-user-timestamp":{"title":"Timestamp","type":"string","x-ms-dynamically-added":false}}},"description":"For All Day Event, enter start date at midnight (20220217T000000) and end on the following date at midnight (20220218T000000)"}},"actions":{"Initialize_variable_for_ICS_file":{"runAfter":{},"metadata":{"operationMetadataId":"fd29d912-b1c3-4b82-a695-7b63575e0f56"},"type":"InitializeVariable","inputs":{"variables":[{"name":"ICS file","type":"string","value":"BEGIN:VCALENDAR\n\rVERSION:2.0\n\rPRODID:-//JENNYTAN_HS  Jenny_Tan@np.edu.sg\n\rBEGIN:VEVENT\n\rUID:     @{triggerBody()['text_7']} @{triggerBody()['text']}\n\rDTSTAMP:  @{triggerOutputs()['headers']['x-ms-user-timestamp']}\r\nDTSTART;VALUE=DATE-TIME:   @{triggerBody()['text_7']}\n\rDTEND;VALUE=DATE-TIME: @{triggerBody()['text_8']}\n\rSUMMARY: @{triggerBody()['text']}\n\rDESCRIPTION: @{triggerBody()['text_5']}\n\rLOCATION: @{triggerBody()['text_1']}\r\nURL: @{triggerBody()['text_2']}\n\rEND:VEVENT\nEND:VCALENDAR"}]}},"Create_ICS_file_and_Save_to_OneDrive":{"runAfter":{"Initialize_variable_for_ICS_file":["Succeeded"]},"metadata":{"operationMetadataId":"36e296f1-9592-4531-ae24-a5015cf498b3"},"type":"OpenApiConnection","inputs":{"host":{"apiId":"/providers/Microsoft.PowerApps/apis/shared_onedriveforbusiness","connectionName":"shared_onedriveforbusiness","operationId":"CreateFile"},"parameters":{"folderPath":"/Power Automate","name":"invite@{triggerOutputs()['headers']['x-ms-user-timestamp']}.ics","body":"@variables('ICS file')"},"authentication":{"value":"@json(decodeBase64(triggerOutputs().headers['X-MS-APIM-Tokens']))['$ConnectionKey']","type":"Raw"}},"runtimeConfiguration":{"contentTransfer":{"transferMode":"Chunked"}}}}},"connectionReferences":{"shared_onedriveforbusiness":{"connectionName":"shared-onedriveforbu-cf938c96-0a44-44bc-96dc-7921-e2f7c26c","source":"Invoker","id":"/providers/Microsoft.PowerApps/apis/shared_onedriveforbusiness","tier":"NotSpecified"}},"flowFailureAlertSubscribed":false}}